,experiment,policy,Gain,Final Value,Initial Value,num_stocks,pct_variance,initial_budget,trading_fee,average_error,status,runtime,leftover_cash,penalty,total_trades,total_trading_costs
0,3_120379_120283_6,ColGen,0.016973807723938507,122422.29,120379.0,3,0.0005181660437625014,120379,6,5.56025764754552,Complete,9.076479434967041,95.0399999999936,,0,0
1,3_181809_181670_3,ColGen,0.05456770566913626,191729.9,181809.0,3,0.00011999325504727087,181809,3,4.2441357162641875,Complete,9.187672138214111,11.440000000013981,,3,9
2,3_20506_20471_3,ColGen,0.06603872037452446,21860.19,20506.0,3,0.00029795356057445355,20506,3,3.490062161912774,Complete,9.56352949142456,121.1500000000002,,3,9
3,3_220500_220391_5,ColGen,-0.07193854875283452,204637.55,220500.0,3,0.0002460667997574026,220500,5,7.718059332415051,Complete,9.346448421478271,4.799999999982532,,1,5
4,3_343066_342903_4,ColGen,0.08983676610331541,373885.94,343066.0,3,0.00043997950566995037,343066,4,4.452727603678723,Complete,9.588925838470459,36.64000000003489,,3,12
